ID,Name,Nationality,CountryCod,Hobby
1,Ana Nguyen,Yemen,31,Photography
2,Timothy Wolf,Isle of Man,3,Photography
3,Dana Rodriguez,Liechtenstein,48,Watching Movies & Anime
4,Megan Johnson,United Arab Emirates,46,Watching Movies & Anime
5,Kimberly Lee,North Macedonia,16,Day Dreaming
6,Jennifer Martin,Uruguay,13,Numismatics
7,Nicholas Shannon,Chile,3,Boxing
8,David Villa,Cuba,17,Numismatics
9,Dana Thompson,Cape Verde,34,Watching Movies & Anime
10,Jonathan Stout,United States Minor Outlying Islands,29,Numismatics
11,Jeremy Adams,Gibraltar,44,Photography
12,Eric Hart,Saint Barthelemy,25,Playing Football
13,Paige Garcia,Mozambique,18,Numismatics
14,Kim Nguyen,Zambia,25,Swimming
15,Dr. Jennifer Carroll,Djibouti,32,Boxing
16,Mrs. Mindy Wilkerson DDS,Morocco,4,Reading
17,Bryan Pierce,Antigua and Barbuda,14,Traveling
18,Nicholas Flores,Saint Barthelemy,16,Numismatics
19,Lauren Spencer,Saint Barthelemy,49,Watching Movies & Anime
20,Amy Smith,Myanmar,30,Numismatics
21,Amy Valencia,Argentina,21,Watching Movies & Anime
22,Jerry Chambers,Faroe Islands,40,Swimming
23,Gabriel Wilson,Fiji,34,Numismatics
24,Edward Dean,Tuvalu,2,Swimming
25,Timothy Kim,Korea,20,Swimming
26,Lori Shelton,Finland,50,Numismatics
27,Jasmine Trevino,Montserrat,12,Day Dreaming
28,April Reid,Netherlands,33,Swimming
29,Sharon Wilson,Argentina,13,Reading
30,Jordan Brown,Belarus,45,Photography
31,Amy Woodard,Kuwait,43,Swimming
32,Carl Bowman,Northern Mariana Islands,43,Photography
33,Jonathan Adams,Mexico,25,Photography
34,Hunter Smith,Uruguay,22,Photography
35,Denise Cox,Saint Pierre and Miquelon,46,Watching Movies & Anime
36,Marissa Luna,Venezuela,7,Boxing
37,Stephen Hurley,Mauritania,15,Photography
38,Cody Hines,Serbia,48,Photography
39,Edward Saunders,India,49,Playing Football
40,Robert Taylor,Turks and Caicos Islands,21,Watching Movies & Anime
41,Rebecca Snyder,Brunei Darussalam,11,Reading
42,Deborah Johnson,Oman,23,Numismatics
43,Andrew Martin MD,Pitcairn Islands,27,Playing Football
44,Seth White,Canada,23,Reading
45,Heather Dominguez,Kenya,36,Playing Football
46,Richard Smith,Madagascar,31,Photography
47,Timothy Smith,British Indian Ocean Territory (Chagos Archipelago),47,Reading
48,Nicholas Garcia,Cuba,32,Numismatics
49,Kaitlyn Juarez,Brunei Darussalam,48,Reading
50,Ashley Wright,Lithuania,5,Traveling
